{
  "poses": {
    "WAITING-1": {
      "legFrontRight": {
        "top": 1426.2454078356056,
        "bottom": -5586.869041086927,
        "mount": 767.8064600123776
      },
      "legFrontLeft": {
        "top": 1538.7919263522758,
        "bottom": -4965.6247078705455,
        "mount": -905.1899793145083
      },
      "legBackRight": {
        "top": 1512.7549438073027,
        "bottom": -5778.073759341378,
        "mount": -981.0698455836132
      },
      "legBackLeft": {
        "top": 1357.6140397615507,
        "bottom": -4249.816909906202,
        "mount": 683.0761105279777
      }
    },
    "WAITING-2": {
      "legFrontRight": {
        "top": -360.85509774863647,
        "bottom": 100,
        "mount": -281.52133033938753
      },
      "legFrontLeft": {
        "top": -426.2132274656474,
        "bottom": 0,
        "mount": 261.2680254209806
      },
      "legBackRight": {
        "top": -329.4641144462822,
        "bottom": 9.203174635244423,
        "mount": 261.2680254209806
      },
      "legBackLeft": {
        "top": -418.66375221525936,
        "bottom": -24.435511757092744,
        "mount": -281.52133033938753
      }
    },
    "ergerstg-0": {
      "legFrontRight": {
        "top": 1295.6736197170765,
        "bottom": -4849.4121595227425,
        "mount": 426.39591145901363
      },
      "legFrontLeft": {
        "top": 1491.6370977863394,
        "bottom": -4980.605944490871,
        "mount": -479.51690997618925
      },
      "legBackRight": {
        "top": 1342.0124924085096,
        "bottom": -4980.605944490871,
        "mount": -479.51690997618925
      },
      "legBackLeft": {
        "top": 1462.4928960862762,
        "bottom": -4849.4121595227425,
        "mount": 426.39591145901363
      }
    },
    "DELETETEST-0": {
      "legFrontRight": {
        "top": 1293.6843864734963,
        "bottom": -4392.659053831234,
        "mount": -134.40981807253252
      },
      "legFrontLeft": {
        "top": -232.50000000000006,
        "bottom": -878.7777882903667,
        "mount": 5697.151360944355
      },
      "legBackRight": {
        "top": 1282.6864836387376,
        "bottom": -4335.821344735248,
        "mount": 440.3437377646384
      },
      "legBackLeft": {
        "top": 1216.4609924884085,
        "bottom": -4475.121774741641,
        "mount": -472.43312215869366
      }
    },
    "DELETETEST-1": {
      "legFrontRight": {
        "top": 1775.4702964618252,
        "bottom": -5612.894423547152,
        "mount": -989.4832090489928
      },
      "legFrontLeft": {
        "top": 97.1368441614309,
        "bottom": -2913.1095870587947,
        "mount": 6159.11671467677
      },
      "legBackRight": {
        "top": 1703.1333008847826,
        "bottom": -5225.069258437156,
        "mount": 895.9811226660776
      },
      "legBackLeft": {
        "top": 1580.6470937019517,
        "bottom": -5914.997550851905,
        "mount": -1147.7793238262336
      }
    },
    "DELETETEST-2": {
      "legFrontRight": {
        "top": 1187.3811794500964,
        "bottom": -4451.566837299629,
        "mount": -1145.4997690450655
      },
      "legFrontLeft": {
        "top": 13.887440708843755,
        "bottom": -1089.862597105054,
        "mount": 1630.4942716120904
      },
      "legBackRight": {
        "top": 1296.5934152009327,
        "bottom": -4824.864232571085,
        "mount": -1544.1890595255672
      },
      "legBackLeft": {
        "top": 1438.1248425802896,
        "bottom": -5122.131771957262,
        "mount": 1502.7351469788925
      }
    },
    "DELETETEST-7": {
      "legFrontRight": {
        "top": 1775.4702964618252,
        "bottom": -5612.894423547152,
        "mount": -989.4832090489928
      },
      "legFrontLeft": {
        "top": 97.1368441614309,
        "bottom": -2913.1095870587947,
        "mount": 6159.11671467677
      },
      "legBackRight": {
        "top": 1703.1333008847826,
        "bottom": -5225.069258437156,
        "mount": 895.9811226660776
      },
      "legBackLeft": {
        "top": 1577.980765716598,
        "bottom": -5914.997550851905,
        "mount": -1147.7793238262336
      }
    },
    "DELETETEST-3": {
      "legFrontRight": {
        "top": 1775.4702964618252,
        "bottom": -5612.894423547152,
        "mount": -989.4832090489928
      },
      "legFrontLeft": {
        "top": 97.1368441614309,
        "bottom": -2913.1095870587947,
        "mount": 6159.11671467677
      },
      "legBackRight": {
        "top": 1703.1333008847826,
        "bottom": -5225.069258437156,
        "mount": 895.9811226660776
      },
      "legBackLeft": {
        "top": 1577.980765716598,
        "bottom": -5914.997550851905,
        "mount": -1147.7793238262336
      }
    },
    "DELETETEST-4": {
      "legFrontRight": {
        "top": 1775.4702964618252,
        "bottom": -5612.894423547152,
        "mount": -989.4832090489928
      },
      "legFrontLeft": {
        "top": 97.1368441614309,
        "bottom": -2913.1095870587947,
        "mount": 6159.11671467677
      },
      "legBackRight": {
        "top": 1703.1333008847826,
        "bottom": -5225.069258437156,
        "mount": 895.9811226660776
      },
      "legBackLeft": {
        "top": 1577.980765716598,
        "bottom": -5914.997550851905,
        "mount": -1147.7793238262336
      }
    },
    "WAITING-0": {
      "legFrontRight": {
        "top": 824.4388421749197,
        "bottom": -2106.7903595514085,
        "mount": 1962.702255419175
      },
      "legFrontLeft": {
        "top": 1260.6219031293172,
        "bottom": -2903.0880827818237,
        "mount": -2295.3039783163263
      },
      "legBackRight": {
        "top": 1129.0794005295347,
        "bottom": -3063.460457046585,
        "mount": 895.8181788184513
      },
      "legBackLeft": {
        "top": 1420.7159383460194,
        "bottom": -3359.326443598328,
        "mount": -1026.513684190757
      }
    },
    "WAITING-3": {
      "legFrontRight": {
        "top": 824.4388421749197,
        "bottom": -2106.7903595514085,
        "mount": 1962.702255419175
      },
      "legFrontLeft": {
        "top": 1260.6219031293172,
        "bottom": -2903.0880827818237,
        "mount": -2295.3039783163263
      },
      "legBackRight": {
        "top": 1129.0794005295347,
        "bottom": -3063.460457046585,
        "mount": 895.8181788184513
      },
      "legBackLeft": {
        "top": 1420.7159383460194,
        "bottom": -3359.326443598328,
        "mount": -1026.513684190757
      }
    },
    "NEWITT-0": {
      "legFrontRight": {
        "top": 824.4388421749197,
        "bottom": -2106.7903595514085,
        "mount": 1962.702255419175
      },
      "legFrontLeft": {
        "top": 1260.6219031293172,
        "bottom": -2903.0880827818237,
        "mount": -2295.3039783163263
      },
      "legBackRight": {
        "top": 1129.0794005295347,
        "bottom": -3063.460457046585,
        "mount": 895.8181788184513
      },
      "legBackLeft": {
        "top": 1420.7159383460194,
        "bottom": -3359.326443598328,
        "mount": -1026.513684190757
      }
    },
    "NEWITT-1": {
      "legFrontRight": {
        "top": 824.4388421749197,
        "bottom": -2106.7903595514085,
        "mount": 1962.702255419175
      },
      "legFrontLeft": {
        "top": 1260.6219031293172,
        "bottom": -2903.0880827818237,
        "mount": -2295.3039783163263
      },
      "legBackRight": {
        "top": 1129.0794005295347,
        "bottom": -3063.460457046585,
        "mount": 895.8181788184513
      },
      "legBackLeft": {
        "top": 1420.7159383460194,
        "bottom": -3359.326443598328,
        "mount": -1026.513684190757
      }
    },
    "NEWITT-4": {
      "legFrontRight": {
        "top": 824.4388421749197,
        "bottom": -2106.7903595514085,
        "mount": 1962.702255419175
      },
      "legFrontLeft": {
        "top": 1260.6219031293172,
        "bottom": -2903.0880827818237,